Id,ClientId,Action,Date,Note,Category,AmountInCents
1,1668,PRESCRIPTIONS,2022-02-18 00:00:00.000,Client's first name was Nanbyen when this payment was made.,NULL,NULL
2,6976," (THROUGH JEWISH SOCIAL SERVICE AGENCY",2012-01-01 00:00:00.000,NULL,NULL,NULL
3,6977,PEPCO,2023-05-04 00:00:00.000,NULL,NULL,NULL
4,6978,PRESCRIPTIONS,2015-11-15 00:00:00.000,NULL,NULL,NULL
5,6979," - PALLAS AT PIKE AND ROSE",2022-09-09 00:00:00.000,NULL,NULL,NULL
6,6980,WASH GAS,2009-09-09 00:00:00.000,NULL,NULL,NULL
7,4030,PRESCRIPTIONS,2023-03-27 00:00:00.000,NULL,NULL,NULL
8,4030,PRESCRIPTIONS,2023-04-13 00:00:00.000,NULL,NULL,NULL
9,4030,PRESCRIPTIONS,2023-05-18 00:00:00.000,NULL,NULL,NULL
10,6981,WASHINGTON GAS,2010-08-10 00:00:00.000,NULL,NULL,NULL
11,6981,WASHINGTON GAS,2013-10-01 00:00:00.000,NULL,NULL,NULL
12,6981,WASHINGTON GAS,2014-12-14 00:00:00.000,NULL,NULL,NULL
13,6982,PEPCO,2019-11-09 00:00:00.000,NULL,NULL,NULL
14,6983,PRESCRIPTION,2012-04-12 00:00:00.000,NULL,NULL,NULL
15,6984,MEDICAL - DENTAL,2021-09-22 00:00:00.000,NULL,NULL,NULL
16,6985,PEPCO,2010-04-10 00:00:00.000,NULL,NULL,NULL
17,6986,PEPCO,2016-02-16 00:00:00.000,NULL,NULL,NULL
18,6986,PEPCO,2017-10-13 00:00:00.000,NULL,NULL,NULL
19,3826,HIGHLAND HOUSE,2022-07-14 00:00:00.000,NULL,NULL,NULL
20,6987,PEPCO,2012-04-12 00:00:00.000,NULL,NULL,NULL
21,6988,PEPCO,2012-02-01 00:00:00.000,NULL,NULL,NULL
22,6989,BARCLAY APARTMENTS,2013-04-13 00:00:00.000,NULL,NULL,NULL
23,6990,PRESCRIPTIONS,2011-07-11 00:00:00.000,NULL,NULL,NULL
24,6991,PEPCO,2009-02-09 00:00:00.000,NULL,NULL,NULL
25,6991,PEPCO BILL,2009-02-09 00:00:00.000,NULL,NULL,NULL
26,6992,PRESCRIPTIONS,2013-05-01 00:00:00.000,NULL,NULL,NULL
27,6993,WSSC,2009-09-09 00:00:00.000,NULL,NULL,NULL
28,3961," - THE BARRETT",2023-01-14 00:00:00.000,NULL,NULL,NULL
29,6994,PEPCO,2023-04-07 00:00:00.000,NULL,NULL,NULL
30,6995,PEPCO,2018-04-25 00:00:00.000,NULL,NULL,NULL
31,6996,,2014-04-01 00:00:00.000,NULL,NULL,NULL
32,6997,,2012-08-12 00:00:00.000,NULL,NULL,NULL
33,6998,PRESCRIPTION,2010-10-10 00:00:00.000,NULL,NULL,NULL
34,1645,,2022-09-20 00:00:00.000,NULL,NULL,NULL
35,3790,PEPCO,2022-05-27 00:00:00.000,NULL,NULL,NULL
36,3790,WSSC,2023-01-11 00:00:00.000,NULL,NULL,NULL
37,3790,PEPCO,2023-05-03 00:00:00.000,NULL,NULL,NULL
38,6999,PRESCRIPTION,2011-04-11 00:00:00.000,NULL,NULL,NULL
39,7000,UTILITIES - CROSSWAYS COMMUNITY,2010-05-10 00:00:00.000,NULL,NULL,NULL
40,7001,PEPCO,2016-08-03 00:00:00.000,NULL,NULL,NULL
41,7002,WASH GAS,2013-11-13 00:00:00.000,NULL,NULL,NULL
42,7003,PEPCO,2016-04-08 00:00:00.000,NULL,NULL,NULL
43,7004,,2016-07-11 00:00:00.000,NULL,NULL,NULL
44,7005,PEPCO,2016-06-09 00:00:00.000,NULL,NULL,NULL
45,7006,,2013-11-13 00:00:00.000,NULL,NULL,NULL
46,7007,"PRESCRIPTION  ",2009-09-09 00:00:00.000,NULL,NULL,NULL
47,7008,,2017-11-11 00:00:00.000,NULL,NULL,NULL
48,7009,PEPCO,2015-07-15 00:00:00.000,NULL,NULL,NULL
49,7010,PEPCO,2011-08-11 00:00:00.000,NULL,NULL,NULL
50,7010,WASH GAS,2011-08-11 00:00:00.000,NULL,NULL,NULL
51,1306,WSSC,2009-07-09 00:00:00.000,Client was at 6547 Fallwind Lane when this payment was made.,NULL,NULL
52,1306,PEPCO,2009-07-09 00:00:00.000,Client was at 6547 Fallwind Lane when this payment was made.,NULL,NULL
53,1306,PEPCO  MAR 2010,2010-03-10 00:00:00.000,Client was at 6541 Fallwind Lane when this payment was made.,NULL,NULL
54,1306,WASH GAS,2019-06-05 00:00:00.000,Client was at 647 Fallwind Lane when this payment was made.,NULL,NULL
55,1306,PRESCRIPTION,2020-02-24 00:00:00.000,Prescription for Mouhcine Bennis.,NULL,NULL
56,1306,PEPCO,2021-12-30 00:00:00.000,For Mouhcine (Aicha Fouzir),NULL,NULL
57,1306,WASH GAS,2021-02-24 00:00:00.000,For Mark Mouhcine.,NULL,NULL
58,1306,PRESCRIPTION,2020-04-27 00:00:00.000,Prescription for Mouhcine Bennis.,NULL,NULL
59,1306,PEPCO,2018-06-08 00:00:00.000,Check was to Mark Mouhcine at 6547 Fallwind Lane when this payment was made.,NULL,NULL
60,7011,WASH GAS,2014-09-14 00:00:00.000,NULL,NULL,NULL
61,7012,PEPCO,2015-07-15 00:00:00.000,NULL,NULL,NULL
62,7013," - FIELDS OF SS",2012-10-12 00:00:00.000,NULL,NULL,NULL
63,7014,HARWOOD FLATS,2023-01-18 00:00:00.000,NULL,NULL,NULL
64,1309," (THROUGH BETHESDA CARES)",2011-01-11 00:00:00.000,NULL,NULL,NULL
65,7015,PEPCO,2013-06-13 00:00:00.000,NULL,NULL,NULL
66,7016,,2017-06-08 00:00:00.000,NULL,NULL,NULL
67,7017,UTILITIES - WASH GAS,2009-10-09 00:00:00.000,NULL,NULL,NULL
68,7018,PEPCO,2017-06-06 00:00:00.000,NULL,NULL,NULL
69,7019,PRESCRIPTIONS,2015-12-14 00:00:00.000,NULL,NULL,NULL
70,7020," - HOC",2018-04-23 00:00:00.000,NULL,NULL,NULL
71,7021,PEPCO,2011-06-11 00:00:00.000,NULL,NULL,NULL
72,7022,PEPCO,2019-07-10 00:00:00.000,NULL,NULL,NULL
73,7023,PEPCO,2016-09-19 00:00:00.000,NULL,NULL,NULL
74,7024,PRESCRIPTION,2013-04-13 00:00:00.000,NULL,NULL,NULL
75,7025,WSSC,2011-09-01 00:00:00.000,NULL,NULL,NULL
76,7026,pepco,2022-06-25 00:00:00.000,NULL,NULL,NULL
77,7027,PEPCO,2011-12-11 00:00:00.000,NULL,NULL,NULL
78,7028,PEPCO,2015-12-01 00:00:00.000,NULL,NULL,NULL
79,7029,UTILITIES - CROSSWAYS COMMUNITY,2009-09-09 00:00:00.000,NULL,NULL,NULL
80,4026,WASH GAS,2018-10-18 00:00:00.000,NULL,NULL,NULL
81,7031,RESIDENCY CARD REPLACEMENT (thru Bethesda Cares),2010-03-10 00:00:00.000,NULL,NULL,NULL
82,7032,,2019-05-07 00:00:00.000,NULL,NULL,NULL
83,7033,PRESCRIPTION,2014-11-14 00:00:00.000,NULL,NULL,NULL
84,7033,PRESCRIPTION,2015-01-12 00:00:00.000,NULL,NULL,NULL
85,7034,"PRESCRIPTION ",2011-10-01 00:00:00.000,NULL,NULL,NULL
86,7035,"PRESCRIPTION ",2016-05-06 00:00:00.000,NULL,NULL,NULL
87,7165,PRESCRIPTION MAY 2009,2009-05-09 00:00:00.000,"Prescription was for spouse, Frank Calcara.",NULL,NULL
88,7037,PEPCO,2017-05-03 00:00:00.000,NULL,NULL,NULL
89,7037,PEPCO,2017-07-12 00:00:00.000,NULL,NULL,NULL
90,7038,,2015-08-01 00:00:00.000,NULL,NULL,NULL
91,7038,,2017-07-27 00:00:00.000,NULL,NULL,NULL
92,7038,,2019-03-16 00:00:00.000,NULL,NULL,NULL
93,7039,PEPCO,2010-08-10 00:00:00.000,NULL,NULL,NULL
94,7040,,2011-12-11 00:00:00.000,NULL,NULL,NULL
95,7041,PEPCO,2010-07-10 00:00:00.000,NULL,NULL,NULL
96,7042,PEPCO,2009-09-09 00:00:00.000,NULL,NULL,NULL
97,7042,PEPCO,2012-04-01 00:00:00.000,NULL,NULL,NULL
98,3959,PRESCRIPTION,2014-09-14 00:00:00.000,NULL,NULL,NULL
99,7043,PRESCRIPTION,2014-04-01 00:00:00.000,NULL,NULL,NULL
100,7043,PRESCRIPTION,2014-07-14 00:00:00.000,NULL,NULL,NULL
101,1329,MEDICAL - JOHN HOPKINS,2022-01-25 00:00:00.000,NULL,NULL,NULL
102,1329,MEDICAL - CHESAPEAKE UROLOGY,2022-01-25 00:00:00.000,NULL,NULL,NULL
103,1329,MEDICAL - AJIT KURUVILLA MD,2022-02-04 00:00:00.000,NULL,NULL,NULL
104,7044,WSSC,2017-02-22 00:00:00.000,NULL,NULL,NULL
105,7045,,2014-03-14 00:00:00.000,NULL,NULL,NULL
106,7046,PRESCRIPTION,2009-09-09 00:00:00.000,NULL,NULL,NULL
107,7047,PRESCRIPTION,2010-10-10 00:00:00.000,NULL,NULL,NULL
108,7048,PEPCO,2011-02-11 00:00:00.000,NULL,NULL,NULL
109,7048," - HOC",2013-09-13 00:00:00.000,NULL,NULL,NULL
110,1336,,2020-08-18 00:00:00.000,NULL,NULL,NULL
111,7049,WSSC  MAR 201077,2010-03-10 00:00:00.000,NULL,NULL,NULL
112,7050,PEPCO,2012-10-12 00:00:00.000,NULL,NULL,NULL
113,7051,WSSC,2010-08-10 00:00:00.000,NULL,NULL,NULL
114,7052,,2018-06-08 00:00:00.000,NULL,NULL,NULL
115,7053,,2016-09-30 00:00:00.000,NULL,NULL,NULL
116,7054,"SECURITY DEPOSIT  ",2010-03-10 00:00:00.000,NULL,NULL,NULL
117,7054,,2012-03-12 00:00:00.000,NULL,NULL,NULL
118,7055,PRESCRIPTION,2013-03-13 00:00:00.000,NULL,NULL,NULL
119,3799," - INAGOS CROSSING",2022-06-01 00:00:00.000,NULL,NULL,NULL
120,3799,PEPCO,2023-04-05 00:00:00.000,NULL,NULL,NULL
121,7056,PRESCRIPTION,2010-10-10 00:00:00.000,NULL,NULL,NULL
122,7057,UTILITIES - PEPCO,2009-06-01 00:00:00.000,NULL,NULL,NULL
123,7057,UTILITIES - PEPCO,2011-07-11 00:00:00.000,NULL,NULL,NULL
124,7057,,2016-11-01 00:00:00.000,NULL,NULL,NULL
125,1694,WSSC,2022-10-21 00:00:00.000,NULL,NULL,NULL
126,7058,PRESCRIPTIONS,2011-03-11 00:00:00.000,NULL,NULL,NULL
127,7059,WSSC,2011-01-01 00:00:00.000,NULL,NULL,NULL
128,7059,WSSC,2013-09-13 00:00:00.000,NULL,NULL,NULL
129,7060," & UTILITIES - CROSSWAYS COMMUNITY",2010-01-01 00:00:00.000,NULL,NULL,NULL
130,7061,PEPCO,2022-02-23 00:00:00.000,NULL,NULL,NULL
131,7062,PRESCRIPTIONS,2014-02-14 00:00:00.000,NULL,NULL,NULL
132,7063," - AIMCO",2022-08-02 00:00:00.000,NULL,NULL,NULL
133,7063,PEPCO,2022-11-17 00:00:00.000,NULL,NULL,NULL
134,7064,,2012-09-12 00:00:00.000,NULL,NULL,NULL
135,7065," - HOC",2013-02-13 00:00:00.000,NULL,NULL,NULL
136,7066,UTILITIES - PEPCO,2010-02-10 00:00:00.000,NULL,NULL,NULL
137,7067,WASH GAS,2014-10-14 00:00:00.000,NULL,NULL,NULL
138,7068,PRESCRIPTIONS,2014-10-14 00:00:00.000,NULL,NULL,NULL
139,7069,,2011-10-11 00:00:00.000,NULL,NULL,NULL
140,7070,PRESCRIPTIONS,2011-03-11 00:00:00.000,NULL,NULL,NULL
141,7071,,2010-07-10 00:00:00.000,NULL,NULL,NULL
142,7072,,2018-09-20 00:00:00.000,NULL,NULL,NULL
143,7073,,2019-12-24 00:00:00.000,NULL,NULL,NULL
144,7073,,2020-03-06 00:00:00.000,NULL,NULL,NULL
145,7074,PEPCO,2014-09-14 00:00:00.000,NULL,NULL,NULL
146,7075,PEPCO,2014-07-14 00:00:00.000,NULL,NULL,NULL
147,7076,,2017-07-12 00:00:00.000,NULL,NULL,NULL
148,7076,PEPCO,2018-06-08 00:00:00.000,NULL,NULL,NULL
149,7077,WSSC,2011-04-11 00:00:00.000,NULL,NULL,NULL
150,7078,PRESCRIPTIONS,2016-06-20 00:00:00.000,NULL,NULL,NULL
151,7079,PEPCO,2018-11-06 00:00:00.000,NULL,NULL,NULL
152,7079,PEPCO,2019-09-17 00:00:00.000,NULL,NULL,NULL
153,7079,PEPCO,2021-07-14 00:00:00.000,NULL,NULL,NULL
154,7079,PEPCO,2023-03-25 00:00:00.000,NULL,NULL,NULL
155,7080,PEPCO,2023-03-17 00:00:00.000,NULL,NULL,NULL
156,7081,WESTWOOD TOWER APARTMENTS,2022-01-21 00:00:00.000,NULL,NULL,NULL
157,7082,PRESCRIPTIONS,2014-09-14 00:00:00.000,NULL,NULL,NULL
158,7083,UTILITIES - PEPCO,2009-07-01 00:00:00.000,NULL,NULL,NULL
159,7084,ALDON MGMT.,2023-02-25 00:00:00.000,NULL,NULL,NULL
160,7085,WSSC,2011-01-11 00:00:00.000,NULL,NULL,NULL
161,7086,PEPCO,2017-05-03 00:00:00.000,NULL,NULL,NULL
162,4061,NULL,2016-09-15 00:00:00.000,NULL,NULL,NULL
163,4061,PEPCO,2016-09-29 00:00:00.000,NULL,NULL,NULL
164,4061,NULL,2017-06-26 00:00:00.000,NULL,NULL,NULL
165,7088,PEPCO,2017-08-18 00:00:00.000,NULL,NULL,NULL
166,7089,,2018-06-22 00:00:00.000,NULL,NULL,NULL
167,7090,,2014-03-14 00:00:00.000,NULL,NULL,NULL
168,7091,,2018-04-19 00:00:00.000,NULL,NULL,NULL
169,7092,PEPCO,2010-08-10 00:00:00.000,NULL,NULL,NULL
170,7093,PRESCRIPTION,2015-06-15 00:00:00.000,NULL,NULL,NULL
171,7094,PRESCRIPTION,2013-01-13 00:00:00.000,NULL,NULL,NULL
172,7095,PRESCRIPTION  SEPT 09,2009-09-09 00:00:00.000,NULL,NULL,NULL
173,7095,PRESCRIPTION  FEB 2022,2022-07-13 00:00:00.000,NULL,NULL,NULL
174,1359,PEPCO   FEB 2010,2010-02-10 00:00:00.000,Client was in Apt #203 and first name was spelled Marlene when this payment was made.,NULL,NULL
175,1359,PEPCO   FEB 2014,2014-02-14 00:00:00.000,First name was spelled Marlene when this payment was made.,NULL,NULL
176,1359,"PEPCO   ",2019-11-27 00:00:00.000,First name was spelled Marlene when this payment was made.,NULL,NULL
177,1359,"PEPCO   ",2011-05-11 00:00:00.000,NULL,NULL,NULL
178,1359,"PEPCO   ",2017-02-16 00:00:00.000,NULL,NULL,NULL
179,1359,"PEPCO   ",2018-03-19 00:00:00.000,NULL,NULL,NULL
180,1359," - MAGRUDER'S DISCOVERY",2022-01-25 00:00:00.000,NULL,NULL,NULL
181,1359,PEPCO,2023-02-23 00:00:00.000,NULL,NULL,NULL
182,7097,PEPCO,2014-07-14 00:00:00.000,NULL,NULL,NULL
183,7097,PEPCO,2023-02-02 00:00:00.000,NULL,NULL,NULL
184,7098,WASHINGTON GAS,2010-12-10 00:00:00.000,NULL,NULL,NULL
185,7099,PRESCRIPTIONS,2011-07-11 00:00:00.000,NULL,NULL,NULL
186,7100,PEPCO,2011-01-11 00:00:00.000,NULL,NULL,NULL
187,7101,WSSC,2012-09-12 00:00:00.000,NULL,NULL,NULL
188,7101,,2020-02-03 00:00:00.000,NULL,NULL,NULL
189,7102,,2014-05-14 00:00:00.000,NULL,NULL,NULL
190,7103,PEPCO,2014-05-14 00:00:00.000,NULL,NULL,NULL
191,4076,PEPCO,2023-05-10 00:00:00.000,NULL,NULL,NULL
192,1361,NULL,2010-11-10 00:00:00.000,NULL,NULL,NULL
193,1361,NULL,2013-10-13 00:00:00.000,NULL,NULL,NULL
194,1361,NULL,2015-02-15 00:00:00.000,NULL,NULL,NULL
195,7105,PEPCO,2014-09-14 00:00:00.000,NULL,NULL,NULL
196,7106,PRESCRIPTIONS,2010-07-10 00:00:00.000,NULL,NULL,NULL
197,7107,WASHINGTON GAS,2010-05-10 00:00:00.000,NULL,NULL,NULL
198,3877,PEPCO,2014-06-14 00:00:00.000,NULL,NULL,NULL
199,3877,"HOC - ",2016-03-25 00:00:00.000,NULL,NULL,NULL
200,3877,PEPCO,2018-04-13 00:00:00.000,NULL,NULL,NULL
201,7108,,2020-03-18 00:00:00.000,NULL,NULL,NULL
202,1363,PRESCRIPTION,2015-09-15 00:00:00.000,NULL,NULL,NULL
203,1363,PRESCRIPTION,2016-04-13 00:00:00.000,NULL,NULL,NULL
204,1363,PRESCRIPTION,2017-05-11 00:00:00.000,NULL,NULL,NULL
205,1363,PRESCRIPTION,2017-08-18 00:00:00.000,NULL,NULL,NULL
206,1363,PRESCRIPTION,2018-02-16 00:00:00.000,NULL,NULL,NULL
207,1363,PRESCRIPTION,2018-06-14 00:00:00.000,NULL,NULL,NULL
208,1363,PRESCRIPTION,2019-01-21 00:00:00.000,NULL,NULL,NULL
209,1363,PEPCO,2019-08-06 00:00:00.000,NULL,NULL,NULL
210,1363,PRESCRIPTION,2020-02-24 00:00:00.000,NULL,NULL,NULL
211,1363,PRESCRIPTION,2020-08-18 00:00:00.000,NULL,NULL,NULL
212,1363,PRESCRIPTION,2021-01-04 00:00:00.000,NULL,NULL,NULL
213,7109,WASHINGTON GAS,2011-08-11 00:00:00.000,NULL,NULL,NULL
214,7109,PEPCO,2012-10-12 00:00:00.000,NULL,NULL,NULL
215,7110,WASHINGTON GAS,2010-07-10 00:00:00.000,NULL,NULL,NULL
216,7111,PEPCO,2011-06-11 00:00:00.000,NULL,NULL,NULL
217,7111,WSSC,2014-02-01 00:00:00.000,NULL,NULL,NULL
218,7111,WASH GAS,2015-07-15 00:00:00.000,NULL,NULL,NULL
219,7112,PRESCRIPTION,2009-09-09 00:00:00.000,NULL,NULL,NULL
220,3789,UTILITIES,2019-12-24 00:00:00.000,NULL,NULL,NULL
221,7113,WASHINGTON GAS,2010-05-10 00:00:00.000,NULL,NULL,NULL
222,7114,WASHINGTON GAS,2013-11-13 00:00:00.000,NULL,NULL,NULL
223,7115," - E. M. POUR",2013-08-13 00:00:00.000,NULL,NULL,NULL
224,7116,WASHINGTON GAS,2017-11-10 00:00:00.000,NULL,NULL,NULL
225,7116," - FIELDS OF BETHESDA",2017-11-10 00:00:00.000,NULL,NULL,NULL
226,7117,PEPCO,2017-06-07 00:00:00.000,NULL,NULL,NULL
227,7118," - THE ELM BETHESDA",2023-04-17 00:00:00.000,NULL,NULL,NULL
228,1368,PEPCO,2010-04-10 00:00:00.000,NULL,NULL,NULL
229,1368,PEPCO,2011-11-15 00:00:00.000,NULL,NULL,NULL
230,1368," - HOC",2018-01-27 00:00:00.000,NULL,NULL,NULL
231,1368,WSSC WATER,2022-12-22 00:00:00.000,NULL,NULL,NULL
232,1368," - HOC",2017-02-22 00:00:00.000,NULL,NULL,NULL
234,3945,"MAGRUDER'S DISCOVERY - ",2022-01-13 00:00:00.000,NULL,NULL,NULL
235,3945,"MAGRUDER'S DISCOVERY - ",2023-05-10 00:00:00.000,NULL,NULL,NULL
236,7120,UTILITIES (CROSSWAYS COMMUNITY),2009-06-01 00:00:00.000,NULL,NULL,NULL
237,7121," - BENJAMIN KIRSON - LANDLORD",2018-02-21 00:00:00.000,NULL,NULL,NULL
238,1369," - HOC",2018-01-25 00:00:00.000,NULL,NULL,NULL
239,1369," - MAGRUDER DISCOVERY",2022-04-08 00:00:00.000,NULL,NULL,NULL
240,7122," (STONEHAM CT OXFORD HOUSE)",2012-10-12 00:00:00.000,NULL,NULL,NULL
241,7123," (OXFORD HOUSE)",2013-07-13 00:00:00.000,NULL,NULL,NULL
242,7124,PRESCRIPTIONS,2011-03-11 00:00:00.000,NULL,NULL,NULL
243,7125,WSSC,2022-06-21 00:00:00.000,NULL,NULL,NULL
244,7126,PRESCRIPTIONS,2010-07-10 00:00:00.000,NULL,NULL,NULL
245,7127,PRESCRIPTIONS,2012-02-01 00:00:00.000,NULL,NULL,NULL
246,7128,PEPCO,2011-07-11 00:00:00.000,NULL,NULL,NULL
247,7129,WSSC   MAY 2009,2009-05-01 00:00:00.000,NULL,NULL,NULL
248,7130,PEPCO,2011-01-11 00:00:00.000,NULL,NULL,NULL
249,7131,PEPCO,2014-12-14 00:00:00.000,NULL,NULL,NULL
250,7132,POD STORAGE,2011-02-11 00:00:00.000,NULL,NULL,NULL
251,7133,PEPCO,2011-06-11 00:00:00.000,NULL,NULL,NULL
252,1381,PEPCO,2014-04-14 00:00:00.000,Client's first name was spelled Persida when this payment was made.,NULL,NULL
253,7135,PRESCRIPTIONS,2012-07-12 00:00:00.000,NULL,NULL,NULL
254,7137,NULL,2013-10-13 00:00:00.000,"Client was living at 3 Pooks Hill Rd. #209, Bethesday, MD 20814 and last name was spelled Garrif-Taylor when this payment was made.",NULL,NULL
255,7137,,2014-11-14 00:00:00.000,NULL,NULL,NULL
256,7138,PRESCRIPTIONS,2018-04-13 00:00:00.000,NULL,NULL,NULL
257,7139,WSSC,2012-10-12 00:00:00.000,NULL,NULL,NULL
258,7139,WSSC,2013-07-13 00:00:00.000,NULL,NULL,NULL
259,7139,WSSC,2016-03-16 00:00:00.000,NULL,NULL,NULL
260,7139,WASH GAS,2019-04-12 00:00:00.000,NULL,NULL,NULL
261,7139,WSSC,2019-04-12 00:00:00.000,NULL,NULL,NULL
262,7140,PEPCO  JULY 2009,2009-07-01 00:00:00.000,NULL,NULL,NULL
263,1384,PRESCRIPTIONS,2017-10-13 00:00:00.000,NULL,NULL,NULL
264,1384,PEPCO,2017-10-18 00:00:00.000,NULL,NULL,NULL
265,1384,PEPCO,2018-02-02 00:00:00.000,NULL,NULL,NULL
266,1384,PRESCRIPTIONS,2018-02-16 00:00:00.000,NULL,NULL,NULL
267,1384,PRESCRIPTIONS,2019-03-13 00:00:00.000,NULL,NULL,NULL
268,7141,PRESCRIPTION,2021-11-25 00:00:00.000,NULL,NULL,NULL
269,7141,PRESCRIPTION,2022-02-18 00:00:00.000,NULL,NULL,NULL
270,7142,WSSC,2022-06-21 00:00:00.000,NULL,NULL,NULL
271,7142,PEPCO,2022-06-21 00:00:00.000,NULL,NULL,NULL
272,7143,WASH GAS,2014-06-14 00:00:00.000,NULL,NULL,NULL
273,7144,PRESCRIPTIONS,2012-05-12 00:00:00.000,NULL,NULL,NULL
274,7145,PRESCRIPTIONS,2016-03-23 00:00:00.000,NULL,NULL,NULL
275,3778,PEPCO,2010-11-10 00:00:00.000,NULL,NULL,NULL
276,7146,PEPCO,2017-09-18 00:00:00.000,NULL,NULL,NULL
277,7147,PEPCO,2010-12-10 00:00:00.000,NULL,NULL,NULL
278,7148,PRESCRIPTION,2013-02-01 00:00:00.000,NULL,NULL,NULL
279,7149,PRESCRIPTION,2011-06-11 00:00:00.000,NULL,NULL,NULL
280,7150,PEPCO,2012-03-12 00:00:00.000,NULL,NULL,NULL
281,7151,PEPCO,2010-11-10 00:00:00.000,NULL,NULL,NULL
282,7152,PRESCRIPTION,2016-08-20 00:00:00.000,NULL,NULL,NULL
283,7153," - TRIANGLE TOWERS APTS",2022-04-19 00:00:00.000,NULL,NULL,NULL
284,7154,"HOC - ",2013-10-13 00:00:00.000,NULL,NULL,NULL
285,7155,PEPCO MARCH 2010,2010-03-10 00:00:00.000,NULL,NULL,NULL
286,7156,WASH GAS,2010-06-10 00:00:00.000,NULL,NULL,NULL
287,7157,PEPCO,2014-02-01 00:00:00.000,NULL,NULL,NULL
288,7158,PEPCO,2011-06-11 00:00:00.000,NULL,NULL,NULL
289,7159,WASH GAS,2014-10-14 00:00:00.000,NULL,NULL,NULL
290,7160,PEPCO,2016-02-16 00:00:00.000,NULL,NULL,NULL
291,7160,PEPCO,2020-02-21 00:00:00.000,NULL,NULL,NULL
292,3791,WASHINGTON GAS,2023-02-28 00:00:00.000,NULL,NULL,NULL
293,7161,WASHINGTON GAS,2011-11-11 00:00:00.000,NULL,NULL,NULL
294,7162,PEPCO,2012-05-12 00:00:00.000,NULL,NULL,NULL
295,7163,,2012-08-12 00:00:00.000,NULL,NULL,NULL
296,7165,PEPCO,2013-05-13 00:00:00.000,NULL,NULL,NULL
297,7165,PEPCO,2017-08-17 00:00:00.000,NULL,NULL,NULL
298,7165,,2017-09-22 00:00:00.000,NULL,NULL,NULL
299,7165,PEPCO,2019-04-11 00:00:00.000,NULL,NULL,NULL
300,1403,UTILITIES,2020-12-09 00:00:00.000,NULL,NULL,NULL
301,7166,PEPCO,2010-08-10 00:00:00.000,NULL,NULL,NULL
302,7167,WASH GAS,2015-07-15 00:00:00.000,NULL,NULL,NULL
303,7168,PEPCO,2011-07-11 00:00:00.000,NULL,NULL,NULL
304,1404," - HOC",2017-10-19 00:00:00.000,NULL,NULL,NULL
305,7170,,2013-04-13 00:00:00.000,NULL,NULL,NULL
306,7171,PRESCRIPTION,2010-10-10 00:00:00.000,NULL,NULL,NULL
307,7172,PRESCRIPTION,2010-01-01 00:00:00.000,NULL,NULL,NULL
308,7173,WASHINGTON GAS,2010-09-10 00:00:00.000,NULL,NULL,NULL
309,7174,PRESCRIPTIONS,2013-03-01 00:00:00.000,NULL,NULL,NULL
310,7175,WSSC,2016-10-31 00:00:00.000,NULL,NULL,NULL
311,7176,WSSC,2023-05-02 00:00:00.000,NULL,NULL,NULL
312,7177,PRESCRIPTIONS,2018-03-15 00:00:00.000,NULL,NULL,NULL
313,7178,PEPCO,2010-05-10 00:00:00.000,NULL,NULL,NULL
314,7178,PEPCO,2011-04-11 00:00:00.000,NULL,NULL,NULL
315,7179,PRESCRIPTIONS,2017-01-12 00:00:00.000,NULL,NULL,NULL
316,7180,,2010-06-10 00:00:00.000,NULL,NULL,NULL
317,4054,PRESCRIPTIONS,2023-05-18 00:00:00.000,NULL,NULL,NULL
318,7181,WSSC,2016-06-20 00:00:00.000,NULL,NULL,NULL
319,7182," - FIELDS OF BETHESDA",2023-03-18 00:00:00.000,NULL,NULL,NULL
320,7183,PEPCO,2022-09-29 00:00:00.000,NULL,NULL,NULL
321,1416,,2017-02-17 00:00:00.000,NULL,NULL,NULL
322,1416,MEDICAL,2022-09-20 00:00:00.000,NULL,NULL,NULL
323,7184,WASHINGTON GAS,2023-02-04 00:00:00.000,NULL,NULL,NULL
324,7185,PRESCRIPTIONS,2013-04-13 00:00:00.000,NULL,NULL,NULL
325,7186,PRESCRIPTIONS,2012-09-12 00:00:00.000,NULL,NULL,NULL
326,7187,WASHINGTON GAS,2010-05-10 00:00:00.000,NULL,NULL,NULL
327,7187,WASHINGTON GAS,2012-06-12 00:00:00.000,NULL,NULL,NULL
328,7187,PEPCO,2015-12-15 00:00:00.000,NULL,NULL,NULL
329,7188,"  BARCLAY APTS ",2012-01-12 00:00:00.000,NULL,NULL,NULL
330,1419,PEPCO,2021-12-03 00:00:00.000,Client's first name listed as Julie when this payment was made.,NULL,NULL
331,7190,WSSC,2010-10-10 00:00:00.000,NULL,NULL,NULL
332,1684,WSSC,2014-07-14 00:00:00.000,NULL,NULL,NULL
333,1684,WSSC,2015-11-15 00:00:00.000,NULL,NULL,NULL
334,1684,WSSC,2016-07-19 00:00:00.000,NULL,NULL,NULL
335,1684,,2017-08-04 00:00:00.000,NULL,NULL,NULL
336,1684,WSSC,2019-06-28 00:00:00.000,NULL,NULL,NULL
337,1420,PEPCO,2010-11-10 00:00:00.000,NULL,NULL,NULL
338,1420,"HOC - ",2012-04-12 00:00:00.000,NULL,NULL,NULL
339,1420,"HOC - ",2019-09-25 00:00:00.000,NULL,NULL,NULL
340,7191,PEPCO  JULY 2009,2009-07-09 00:00:00.000,NULL,NULL,NULL
341,7192,,2018-05-23 00:00:00.000,NULL,NULL,NULL
342,7193,PRESCRIPTION,2012-03-12 00:00:00.000,NULL,NULL,NULL
343,3938,PEPCO,2022-05-13 00:00:00.000,NULL,NULL,NULL
344,1421,PEPCO,2017-10-25 00:00:00.000,NULL,NULL,NULL
345,1421,PEPCO,2019-08-12 00:00:00.000,NULL,NULL,NULL
346,1421,PEPCO,2015-12-01 00:00:00.000,NULL,NULL,NULL
347,7195,WSSC,2017-06-06 00:00:00.000,NULL,NULL,NULL
348,7196," - HOC",2019-08-31 00:00:00.000,NULL,NULL,NULL
349,7197," - POTOMAC PREM PROP.",2013-04-13 00:00:00.000,NULL,NULL,NULL
350,7198,"   HOC RESIDENT ACCOUNTING",2012-01-12 00:00:00.000,NULL,NULL,NULL
351,4049," - SUMMIT HILLS APT HOMES",2023-04-05 00:00:00.000,NULL,NULL,NULL
352,3839,WASHINGTON GAS,2022-10-20 00:00:00.000,NULL,NULL,NULL
353,7200,PRESCRIPTIONS,2011-04-11 00:00:00.000,NULL,NULL,NULL
354,7200,PRESCRIPTIONS,2011-07-11 00:00:00.000,NULL,NULL,NULL
355,1425,PEPCO,2019-06-07 00:00:00.000,NULL,NULL,NULL
356,7201,PEPCO,2015-06-15 00:00:00.000,NULL,NULL,NULL
357,7201,,2015-06-15 00:00:00.000,NULL,NULL,NULL
358,7202,PRESCRIPTIONS,2012-02-01 00:00:00.000,NULL,NULL,NULL
359,7203,,2014-10-14 00:00:00.000,NULL,NULL,NULL
360,1426," - HOC",2013-02-13 00:00:00.000,NULL,NULL,NULL
361,1426,PRESCRIPTIONS,2014-11-01 00:00:00.000,NULL,NULL,NULL
362,1426,PRESCRIPTIONS,2015-11-15 00:00:00.000,NULL,NULL,NULL
363,7204,PEPCO,2015-08-01 00:00:00.000,NULL,NULL,NULL
364,7205,,2014-09-14 00:00:00.000,NULL,NULL,NULL
365,7206,,2019-01-29 00:00:00.000,NULL,NULL,NULL
366,7207,,2016-04-01 00:00:00.000,NULL,NULL,NULL
367,7207,,2017-11-15 00:00:00.000,NULL,NULL,NULL
368,7208," - THE FIELDS OF BETHESDA",2023-01-25 00:00:00.000,NULL,NULL,NULL
369,7209,PRESCRIPTIONS,2014-12-14 00:00:00.000,NULL,NULL,NULL
370,7210,PEPCO,2017-05-08 00:00:00.000,NULL,NULL,NULL
371,7211,PEPCO,2013-12-13 00:00:00.000,NULL,NULL,NULL
372,7212,,2011-04-11 00:00:00.000,NULL,NULL,NULL
373,7213," - HOC",2012-08-12 00:00:00.000,NULL,NULL,NULL
374,7214,WASH GAS,2013-09-13 00:00:00.000,NULL,NULL,NULL
375,7215,PRESCRIPTION MAY 2009,2009-05-09 00:00:00.000,NULL,NULL,NULL
376,7216,PRESCRIPTIONS,2013-06-13 00:00:00.000,NULL,NULL,NULL
377,1435,PRESCRIPTIONS,2016-12-14 00:00:00.000,NULL,NULL,NULL
378,7217," - HOTEL FOR DISPLACED FAMILY",2020-01-13 00:00:00.000,NULL,NULL,NULL
379,7218,PEPCO,2016-10-22 00:00:00.000,NULL,NULL,NULL
380,7218,WASH GAS,2016-10-22 00:00:00.000,NULL,NULL,NULL
381,7219,WSSC,2012-12-12 00:00:00.000,NULL,NULL,NULL
382,3772,MEDICAL,2022-03-08 00:00:00.000,NULL,NULL,NULL
383,3772,MEDICAL,2022-03-08 00:00:00.000,NULL,NULL,NULL
384,3772,MEDICAL,2022-03-08 00:00:00.000,NULL,NULL,NULL
385,3772,MEDICAL,2022-03-08 00:00:00.000,NULL,NULL,NULL
386,3772,MEDICAL,2022-07-13 00:00:00.000,NULL,NULL,NULL
387,3772,MEDICAL,2022-07-13 00:00:00.000,NULL,NULL,NULL
388,3772,MEDICAL,2022-10-05 00:00:00.000,NULL,NULL,NULL
389,3772,MEDICAL,2022-10-13 00:00:00.000,NULL,NULL,NULL
390,3772,MEDICAL,2022-11-30 00:00:00.000,NULL,NULL,NULL
391,7220,"HOC - ",2016-03-24 00:00:00.000,NULL,NULL,NULL
392,7220,PRESCRIPTIONS,2016-05-16 00:00:00.000,NULL,NULL,NULL
393,7220,PRESCRIPTIONS,2018-02-16 00:00:00.000,NULL,NULL,NULL
394,7220,PRESCRIPTIONS,2018-07-14 00:00:00.000,NULL,NULL,NULL
395,7220,PRESCRIPTIONS,2019-04-11 00:00:00.000,NULL,NULL,NULL
396,7220,PRESCRIPTIONS,2019-08-19 00:00:00.000,NULL,NULL,NULL
397,7220,PRESCRIPTIONS,2019-09-12 00:00:00.000,NULL,NULL,NULL
398,7220,PRESCRIPTIONS,2019-10-18 00:00:00.000,NULL,NULL,NULL
399,7220,PRESCRIPTION,2020-01-13 00:00:00.000,NULL,NULL,NULL
400,7220,PRESCRIPTION,2020-02-24 00:00:00.000,NULL,NULL,NULL
401,7220,PRESCRIPTION,2020-04-14 00:00:00.000,NULL,NULL,NULL
402,7220,PRESCRIPTION,2020-04-14 00:00:00.000,NULL,NULL,NULL
403,7220,PRESCRIPTION,2020-05-26 00:00:00.000,NULL,NULL,NULL
404,7220,PRESCRIPTION,2020-06-15 00:00:00.000,NULL,NULL,NULL
405,7220,PRESCRIPTION,2020-08-18 00:00:00.000,NULL,NULL,NULL
406,7220,PRESCRIPTION,2020-10-21 00:00:00.000,NULL,NULL,NULL
407,7220,PRESCRIPTION,2020-11-01 00:00:00.000,NULL,NULL,NULL
408,7220,PRESCRIPTION,2021-01-04 00:00:00.000,NULL,NULL,NULL
409,7220,PRESCRIPTION,2021-01-25 00:00:00.000,NULL,NULL,NULL
410,7220,PRESCRIPTION,2021-02-25 00:00:00.000,NULL,NULL,NULL
411,7220,PRESCRIPTION,2021-03-19 00:00:00.000,NULL,NULL,NULL
412,7220,PRESCRIPTION,2021-04-16 00:00:00.000,NULL,NULL,NULL
413,7220,PRESCRIPTION,2021-07-29 00:00:00.000,NULL,NULL,NULL
414,7220,PRESCRIPTION,2021-09-17 00:00:00.000,NULL,NULL,NULL
415,7220,PRESCRIPTION,2021-10-21 00:00:00.000,NULL,NULL,NULL
416,7220,PRESCRIPTION,2022-02-18 00:00:00.000,NULL,NULL,NULL
417,7220,PRESCRIPTION,2022-04-16 00:00:00.000,NULL,NULL,NULL
418,7220,PRESCRIPTION,2022-06-21 00:00:00.000,NULL,NULL,NULL
419,7220,PRESCRIPTION - FEB,2022-07-13 00:00:00.000,NULL,NULL,NULL
420,7220,PRESCRIPTION,2022-07-14 00:00:00.000,NULL,NULL,NULL
421,7220,PRESCRIPTION,2022-09-16 00:00:00.000,NULL,NULL,NULL
422,7221,PEPCO,2019-06-26 00:00:00.000,NULL,NULL,NULL
423,3756,PEPCO,2020-03-18 00:00:00.000,NULL,NULL,NULL
424,7223,PRESCRIPTIONS,2018-08-16 00:00:00.000,NULL,NULL,NULL
425,3976," - NOBE APTS",2022-12-17 00:00:00.000,NULL,NULL,NULL
426,7224,PEPCO,2010-06-10 00:00:00.000,NULL,NULL,NULL
427,7225,,2017-08-11 00:00:00.000,NULL,NULL,NULL
428,7226,PRESCRIPTIONS,2011-11-11 00:00:00.000,NULL,NULL,NULL
429,7227,PRESCRIPTIONS,2013-02-01 00:00:00.000,NULL,NULL,NULL
430,7227,PRESCRIPTIONS,2021-01-31 00:00:00.000,NULL,NULL,NULL
431,7228,PEPCO,2010-11-02 00:00:00.000,NULL,NULL,NULL
432,7229,PRESCRIPTIONS,2015-10-01 00:00:00.000,NULL,NULL,NULL
433,7230,WASH GAS,2022-02-26 00:00:00.000,NULL,NULL,NULL
434,7230," - THE MONTGOMERY",2022-04-27 00:00:00.000,NULL,NULL,NULL
435,1667,PEPCO,2021-12-17 00:00:00.000,NULL,NULL,NULL
436,7231,PEPCO,2010-09-10 00:00:00.000,NULL,NULL,NULL
437,7232,,2014-09-14 00:00:00.000,NULL,NULL,NULL
438,7233,PRESCRIPTIONS,2011-04-11 00:00:00.000,NULL,NULL,NULL
439,1611,PRESCRIPTIONS,2011-09-11 00:00:00.000,NULL,NULL,NULL
440,7234,PRESCRIPTIONS,2015-04-15 00:00:00.000,NULL,NULL,NULL
441,7235,PEPCO,2011-05-11 00:00:00.000,NULL,NULL,NULL
442,1449,PEPCO,2011-09-11 00:00:00.000,NULL,NULL,NULL
443,1449,,2015-03-15 00:00:00.000,NULL,NULL,NULL
444,1449,,2016-05-24 00:00:00.000,NULL,NULL,NULL
445,1449,PRESCRIPTIONS,2021-05-12 00:00:00.000,NULL,NULL,NULL
446,7236,PRESCRIPTION,2015-09-15 00:00:00.000,NULL,NULL,NULL
447,7237,SUBURBAN PROPANE,2010-11-10 00:00:00.000,NULL,NULL,NULL
448,7238,UTILITIES - WSSC,2009-09-09 00:00:00.000,NULL,NULL,NULL
449,7238,UTILITIES - PEPCO,2010-06-10 00:00:00.000,NULL,NULL,NULL
450,7238,UTILITIES - WSSC,2011-08-11 00:00:00.000,NULL,NULL,NULL
451,7238,BMI REALTORS,2023-02-04 00:00:00.000,NULL,NULL,NULL
452,7239,-TIMBERLAWN CRESCENT,2013-08-13 00:00:00.000,NULL,NULL,NULL
453,7240,PRESCRIPTION,2010-02-10 00:00:00.000,NULL,NULL,NULL
454,7240,PRESCRIPTION,2011-02-11 00:00:00.000,NULL,NULL,NULL
455,7241,PRESCRIPTION Jan 2011,2011-01-11 00:00:00.000,NULL,NULL,NULL
456,7120,UTILITIES (CROSSWAYS COMMUNITY),2009-06-01 00:00:00.000,NULL,NULL,NULL
457,2714,PRESCRIPTION,2022-04-16 00:00:00.000,NULL,NULL,NULL
458,2714,PRESCRIPTION  FEB 2022,2022-07-13 00:00:00.000,NULL,NULL,NULL
459,2714,"PRESCRIPTION ",2022-08-18 00:00:00.000,NULL,NULL,NULL
460,2714,"PRESCRIPTION ",2022-10-15 00:00:00.000,NULL,NULL,NULL
461,2714,"PRESCRIPTION ",2022-11-19 00:00:00.000,NULL,NULL,NULL
462,2714,"PRESCRIPTION ",2023-02-15 00:00:00.000,NULL,NULL,NULL
463,2714,"PRESCRIPTION ",2023-02-17 00:00:00.000,NULL,NULL,NULL
464,2714,"PRESCRIPTION ",2023-03-25 00:00:00.000,NULL,NULL,NULL
465,2714,PRESCRIPTION  (CORRECTIONS),2023-04-13 00:00:00.000,NULL,NULL,NULL
466,7244,PEPCO,2012-04-12 00:00:00.000,NULL,NULL,NULL
467,7245,WASHINGTON GAS,2020-03-05 00:00:00.000,NULL,NULL,NULL
468,7245,PEPCO,2020-03-05 00:00:00.000,NULL,NULL,NULL
469,7246," - HOC",2015-06-15 00:00:00.000,NULL,NULL,NULL
470,7246," - HOC",2012-02-01 00:00:00.000,NULL,NULL,NULL
471,7247,PRESCRIPTION,2011-11-11 00:00:00.000,NULL,NULL,NULL
472,7248,PRESCRIPTION,2013-11-13 00:00:00.000,NULL,NULL,NULL
473,7249,WASH GAS,2017-06-14 00:00:00.000,NULL,NULL,NULL
474,7250,PEPCO,2022-03-05 00:00:00.000,NULL,NULL,NULL
475,7251,PEPCO,2021-02-24 00:00:00.000,NULL,NULL,NULL
476,7252,WASH GAS,2022-06-11 00:00:00.000,NULL,NULL,NULL
477,7253,,2016-06-02 00:00:00.000,NULL,NULL,NULL
478,7254,PEPCO,2023-06-06 00:00:00.000,NULL,NULL,NULL
479,7255,PEPCO,2019-09-19 00:00:00.000,NULL,NULL,NULL
480,7256,PEPCO,2013-06-13 00:00:00.000,NULL,NULL,NULL
481,7257,BARRINGTON APTS,2022-03-22 00:00:00.000,NULL,NULL,NULL
482,7258,PEPCO,2014-05-14 00:00:00.000,NULL,NULL,NULL
483,7259,WASHINGTON GAS,2017-04-06 00:00:00.000,NULL,NULL,NULL
484,7260,WASHINGTON GAS,2011-12-11 00:00:00.000,NULL,NULL,NULL
485,7261,PRESCRIPTIONS,2013-12-13 00:00:00.000,NULL,NULL,NULL
486,4096,,2014-07-14 00:00:00.000,NULL,NULL,NULL
487,4096,PEPCO,2016-04-15 00:00:00.000,NULL,NULL,NULL
488,7487," HOV HOUSING",2009-10-09 00:00:00.000,Payment was made to Kamilka Miller,NULL,NULL
489,7263," - MARTIN SCOTT  LANDLORD",2019-09-06 00:00:00.000,NULL,NULL,NULL
490,7264,WSSC,2016-09-21 00:00:00.000,NULL,NULL,NULL
491,7265,PEPCO,2010-01-01 00:00:00.000,NULL,NULL,NULL
492,7266,CROSSWAYS COMMUNITY,2010-10-10 00:00:00.000,NULL,NULL,NULL
493,7267,PEPCO,2012-04-12 00:00:00.000,NULL,NULL,NULL
494,3885,HOUSING UNLIMITED,2022-07-07 00:00:00.000,NULL,NULL,NULL
495,3885,HOUSING UNLIMITED,2023-05-25 00:00:00.000,NULL,NULL,NULL
496,7268," - HOC",2018-02-09 00:00:00.000,NULL,NULL,NULL
497,7269,PEPCO,2021-12-15 00:00:00.000,NULL,NULL,NULL
498,7270,WASH GAS,2018-07-09 00:00:00.000,NULL,NULL,NULL
499,7271,UTILITIES,2019-12-17 00:00:00.000,NULL,NULL,NULL
500,7272,"U-HAUL STORAGE - ",2022-03-17 00:00:00.000,NULL,NULL,NULL
501,7273,PEPCO,2017-06-07 00:00:00.000,NULL,NULL,NULL
502,7274,,2019-09-14 00:00:00.000,NULL,NULL,NULL
503,7275,,2012-02-01 00:00:00.000,NULL,NULL,NULL
504,3844,PEPCO,2016-04-08 00:00:00.000,NULL,NULL,NULL
505,7276,PRESCRIPTIONS,2016-01-16 00:00:00.000,NULL,NULL,NULL
506,7277,PEPCO,2011-08-11 00:00:00.000,NULL,NULL,NULL
507,7278," Assistance",2020-02-21 00:00:00.000,NULL,NULL,NULL
508,7279,PEPCO,2015-03-15 00:00:00.000,NULL,NULL,NULL
509,7280," - JBG SMITH - 8001 WOODMONT",2022-06-11 00:00:00.000,NULL,NULL,NULL
510,7281," (PRIVATE HOME)",2010-12-10 00:00:00.000,NULL,NULL,NULL
511,7282,PEPCO,2022-07-26 00:00:00.000,NULL,NULL,NULL
512,7282," - NoBe MARKET APTS",2022-12-06 00:00:00.000,NULL,NULL,NULL
513,7282,PEPCO,2023-03-22 00:00:00.000,NULL,NULL,NULL
514,7283,,2015-07-15 00:00:00.000,NULL,NULL,NULL
515,7284,,2012-12-12 00:00:00.000,NULL,NULL,NULL
516,7285,PEPCO,2014-06-14 00:00:00.000,NULL,NULL,NULL
517,7286,WASH GAS,2015-09-01 00:00:00.000,NULL,NULL,NULL
518,7287,PRESCRIPTION - GIANT,2009-11-01 00:00:00.000,NULL,NULL,NULL
519,7288,PRESCRIPTION - GIANT,2011-06-11 00:00:00.000,NULL,NULL,NULL
520,7288,PEPCO,2019-01-23 00:00:00.000,NULL,NULL,NULL
521,7289," - OXFORD HOUSE",2016-08-24 00:00:00.000,NULL,NULL,NULL
522,7290," - BNR MANAGEMENT",2010-07-10 00:00:00.000,NULL,NULL,NULL
523,7291," - HOC",2012-07-12 00:00:00.000,NULL,NULL,NULL
524,7291," - HOC",2015-10-15 00:00:00.000,NULL,NULL,NULL
525,7292," - PERSEI APARTMENTS",2019-02-01 00:00:00.000,NULL,NULL,NULL
526,7293,HOTEL - MARRIOTT,2022-01-19 00:00:00.000,NULL,NULL,NULL
527,7294,PRESCRIPTIONS,2012-07-12 00:00:00.000,NULL,NULL,NULL
528,7295,PEPCO,2010-11-10 00:00:00.000,NULL,NULL,NULL
529,7296,,2012-12-12 00:00:00.000,NULL,NULL,NULL
530,7297,PRESCRIPTIONS,2014-03-14 00:00:00.000,NULL,NULL,NULL
531,7298,PEPCO,2019-03-07 00:00:00.000,NULL,NULL,NULL
532,7299,PRESCRIPTIONS,2021-04-16 00:00:00.000,NULL,NULL,NULL
533,7300,PEPCO,2010-05-10 00:00:00.000,NULL,NULL,NULL
534,7301," 0 HOC",2018-05-11 00:00:00.000,NULL,NULL,NULL
535,7302,PEPCO,2012-12-12 00:00:00.000,NULL,NULL,NULL
536,7302,WASH GAS,2013-07-13 00:00:00.000,NULL,NULL,NULL
537,7303,,2009-07-01 00:00:00.000,NULL,NULL,NULL
538,7304,"PRESCRIPTION ",2009-09-09 00:00:00.000,NULL,NULL,NULL
539,7305," - HOC",2017-07-19 00:00:00.000,NULL,NULL,NULL
540,7306,PEPCO,2010-12-10 00:00:00.000,NULL,NULL,NULL
541,7306,WASH GAS,2017-06-22 00:00:00.000,NULL,NULL,NULL
542,7306,PEPCO,2022-10-27 00:00:00.000,NULL,NULL,NULL
543,7308,PEPCO,2011-07-11 00:00:00.000,This payment was made to the account of Allie Paza (Pava).,NULL,NULL
544,7308,PEPCO,2013-05-13 00:00:00.000,NULL,NULL,NULL
545,7309,PEPCO,2017-11-03 00:00:00.000,NULL,NULL,NULL
546,7310,PRESCRIPTIONS,2013-10-13 00:00:00.000,NULL,NULL,NULL
547,7311,PEPCO,2022-01-13 00:00:00.000,NULL,NULL,NULL
548,7312," & UTILITIES",2010-02-10 00:00:00.000,NULL,NULL,NULL
549,7313,WASH GAS,2014-07-14 00:00:00.000,NULL,NULL,NULL
550,7313,PEPCO,2016-09-23 00:00:00.000,NULL,NULL,NULL
551,7314,WASH GAS,2016-12-29 00:00:00.000,NULL,NULL,NULL
552,7314,WASH GAS,2018-01-31 00:00:00.000,NULL,NULL,NULL
553,7314,PEPCO,2019-03-22 00:00:00.000,NULL,NULL,NULL
554,7314,WSSC,2021-06-14 00:00:00.000,NULL,NULL,NULL
555,7314,,2021-11-25 00:00:00.000,NULL,NULL,NULL
556,7314,WSSC,2022-11-01 00:00:00.000,NULL,NULL,NULL
557,7315,PRESCRIPTION,2017-06-20 00:00:00.000,NULL,NULL,NULL
558,7315,PRESCRIPTION,2019-03-13 00:00:00.000,NULL,NULL,NULL
559,7315,PRESCRIPTION,2018-03-15 00:00:00.000,NULL,NULL,NULL
560,7316,PRESCRIPTIONS,2014-10-14 00:00:00.000,NULL,NULL,NULL
561,7317,PEPCO,2010-09-10 00:00:00.000,NULL,NULL,NULL
562,7318,MEDICAL,2022-03-08 00:00:00.000,NULL,NULL,NULL
563,7319,PEPCO,2011-06-11 00:00:00.000,NULL,NULL,NULL
564,7320,PRESCRIPTIONS,2019-03-13 00:00:00.000,Both a payment and refund of $3.40 was issued 3/13/2019.,NULL,NULL
565,7321,WSSC,2018-09-27 00:00:00.000,NULL,NULL,NULL
566,7322,PEPCO,2010-10-10 00:00:00.000,NULL,NULL,NULL
567,7323,PRESCRIPTIONS,2011-09-11 00:00:00.000,NULL,NULL,NULL
568,7324,,2020-02-20 00:00:00.000,NULL,NULL,NULL
569,7325,PRESCRIPTIONS,2010-07-10 00:00:00.000,NULL,NULL,NULL
570,7326,WASH GAS,2012-09-12 00:00:00.000,NULL,NULL,NULL
571,7326,WSSC,2012-09-12 00:00:00.000,NULL,NULL,NULL
572,7327,PEPCO,2019-12-10 00:00:00.000,NULL,NULL,NULL
573,7328,WASH GAS,2015-09-15 00:00:00.000,NULL,NULL,NULL
574,7329,PEPCO,2017-03-10 00:00:00.000,NULL,NULL,NULL
575,7330,PRESCRIPTION,2011-01-11 00:00:00.000,NULL,NULL,NULL
576,7331,PRESCRIPTION,2013-10-13 00:00:00.000,NULL,NULL,NULL
577,7332,,2014-11-13 00:00:00.000,NULL,NULL,NULL
578,1541," ROLLINGWOOD APTS",2023-05-06 00:00:00.000,Client's first name was spelled Shane when this payment was made.,NULL,NULL
579,1541,ROLLINGWOOD APTS,2022-07-20 00:00:00.000,Client's name was spelled Shane when this payment was made.,NULL,NULL
580,1542,WSSC  OCT 09,2009-10-09 00:00:00.000,NULL,NULL,NULL
581,7335,PEPCO,2010-06-10 00:00:00.000,NULL,NULL,NULL
582,7336,WSSC,2011-08-11 00:00:00.000,NULL,NULL,NULL
583,7337,,2013-02-01 00:00:00.000,NULL,NULL,NULL
584,3978,PEPCO,2008-01-01 00:00:00.000,NULL,NULL,NULL
585,3978,PEPCO,2011-05-11 00:00:00.000,NULL,NULL,NULL
586,3978,PEPCO,2012-04-12 00:00:00.000,NULL,NULL,NULL
587,3978,PEPCO,2019-12-09 00:00:00.000,NULL,NULL,NULL
588,3978,TIMBERLAWN CRESCENT,2023-01-13 00:00:00.000,NULL,NULL,NULL
589,7338,PEPCO,2011-05-11 00:00:00.000,NULL,NULL,NULL
590,7339,WESTWOOD TOWER APTS,2022-03-24 00:00:00.000,NULL,NULL,NULL
591,7340,PRESCRIPTION,2010-05-10 00:00:00.000,NULL,NULL,NULL
592,7341,PRESCRIPTIONS,2011-04-11 00:00:00.000,NULL,NULL,NULL
593,7342,WASHINGTON GAS,2013-03-13 00:00:00.000,NULL,NULL,NULL
594,7343,PRESCRIPTIONS,2015-02-10 00:00:00.000,NULL,NULL,NULL
595,1546,PRESCRIPTIONS,2013-02-01 00:00:00.000,NULL,NULL,NULL
596,1546,PRESCRIPTIONS,2017-11-17 00:00:00.000,NULL,NULL,NULL
597,1546,PRESCRIPTIONS,2018-04-13 00:00:00.000,NULL,NULL,NULL
598,1546,PRESCRIPTION,2020-02-24 00:00:00.000,NULL,NULL,NULL
599,1546,PRESCRIPTIONS,2021-02-25 00:00:00.000,NULL,NULL,NULL
600,7344,PEPCO,2017-05-08 00:00:00.000,NULL,NULL,NULL
601,7345,NWP-ELECTRICITY,2012-10-12 00:00:00.000,NULL,NULL,NULL
602,1548,PRESCRIPTIONS,2018-03-15 00:00:00.000,NULL,NULL,NULL
603,1548,PRESCRIPTIONS,2018-06-14 00:00:00.000,NULL,NULL,NULL
604,1548,PRESCRIPTIONS,2018-09-17 00:00:00.000,NULL,NULL,NULL
605,1548,PRESCRIPTIONS,2018-11-26 00:00:00.000,NULL,NULL,NULL
606,1548,PRESCRIPTIONS,2018-12-17 00:00:00.000,NULL,NULL,NULL
607,1548,PRESCRIPTIONS,2019-03-13 00:00:00.000,NULL,NULL,NULL
608,1548,PRESCRIPTIONS,2019-07-15 00:00:00.000,NULL,NULL,NULL
609,1548,PRESCRIPTIONS,2019-08-06 00:00:00.000,NULL,NULL,NULL
610,1548,PRESCRIPTIONS,2019-09-12 00:00:00.000,NULL,NULL,NULL
611,1548,PRESCRIPTIONS,2019-10-18 00:00:00.000,NULL,NULL,NULL
612,1548,PRESCRIPTION,2020-01-13 00:00:00.000,NULL,NULL,NULL
613,1548,PRESCRIPTION,2020-02-24 00:00:00.000,NULL,NULL,NULL
614,1548,PRESCRIPTION,2020-04-14 00:00:00.000,NULL,NULL,NULL
615,1548,PRESCRIPTION,2020-04-14 00:00:00.000,NULL,NULL,NULL
616,1548,PRESCRIPTION,2020-05-26 00:00:00.000,NULL,NULL,NULL
617,1548,PRESCRIPTION,2020-06-15 00:00:00.000,NULL,NULL,NULL
618,1548,PRESCRIPTION,2020-08-18 00:00:00.000,NULL,NULL,NULL
619,1548,PRESCRIPTION,2020-09-18 00:00:00.000,NULL,NULL,NULL
620,1548,PRESCRIPTION,2020-11-19 00:00:00.000,NULL,NULL,NULL
621,1548,PRESCRIPTION,2021-01-25 00:00:00.000,NULL,NULL,NULL
622,1548,PRESCRIPTION,2021-05-12 00:00:00.000,NULL,NULL,NULL
623,1548,PRESCRIPTION,2021-08-12 00:00:00.000,NULL,NULL,NULL
624,1548,PRESCRIPTION,2022-02-18 00:00:00.000,NULL,NULL,NULL
625,7346,PRESCRIPTIONS,2015-07-15 00:00:00.000,NULL,NULL,NULL
626,7347,PRESCRIPTIONS FEB 2022,2022-07-13 00:00:00.000,NULL,NULL,NULL
627,7348,PEPCO,2009-03-06 00:00:00.000,NULL,NULL,NULL
628,7349,PRESCRIPTION,2020-06-15 00:00:00.000,NULL,NULL,NULL
629,7350,PEPCO,2011-03-11 00:00:00.000,NULL,NULL,NULL
630,7351,PEPCO,2014-08-14 00:00:00.000,NULL,NULL,NULL
631,7352,PEPCO,2019-08-03 00:00:00.000,NULL,NULL,NULL
632,7353,"SECURITY DEPOSIT  ",2009-12-09 00:00:00.000,NULL,NULL,NULL
633,7354,,2014-03-14 00:00:00.000,NULL,NULL,NULL
634,7355,PRESCRIPTION,2011-02-11 00:00:00.000,NULL,NULL,NULL
635,7356,PEPCO,2019-10-23 00:00:00.000,NULL,NULL,NULL
636,7357,PEPCO,2014-06-14 00:00:00.000,NULL,NULL,NULL
637,3796," - HELEN LAM",2022-06-11 00:00:00.000,NULL,NULL,NULL
638,7358,PEPCO,2012-03-12 00:00:00.000,NULL,NULL,NULL
639,7358,PEPCO,2014-03-14 00:00:00.000,NULL,NULL,NULL
640,7359,WASHINGTON GAS,2012-05-12 00:00:00.000,NULL,NULL,NULL
641,7360,PRESCRIPTION,2010-01-01 00:00:00.000,NULL,NULL,NULL
642,7361,WSSC,2017-11-24 00:00:00.000,NULL,NULL,NULL
643,7361,WSSC,2018-04-04 00:00:00.000,NULL,NULL,NULL
644,7361,WSSC,2019-03-09 00:00:00.000,NULL,NULL,NULL
645,7362,PEPCO,2018-02-13 00:00:00.000,NULL,NULL,NULL
646,7362,PEPCO,2018-08-11 00:00:00.000,NULL,NULL,NULL
647,7362,PEPCO,2019-11-09 00:00:00.000,NULL,NULL,NULL
648,7363,PEPCO,2012-08-01 00:00:00.000,NULL,NULL,NULL
649,7363,,2013-09-13 00:00:00.000,NULL,NULL,NULL
650,7363,,2015-10-15 00:00:00.000,NULL,NULL,NULL
651,7364,PEPCO,2010-08-10 00:00:00.000,NULL,NULL,NULL
652,7364,,2014-07-14 00:00:00.000,NULL,NULL,NULL
653,7365,PRESCRIPTION,2016-10-24 00:00:00.000,NULL,NULL,NULL
654,7366,PRESCRIPTION,2013-01-13 00:00:00.000,NULL,NULL,NULL
655,7367,PEPCO,2013-03-13 00:00:00.000,NULL,NULL,NULL
656,7368,PEPCO,2018-04-16 00:00:00.000,NULL,NULL,NULL
657,7369,PRESCRIPTION,2010-02-10 00:00:00.000,NULL,NULL,NULL
658,7370,PRESCRIPTION,2019-09-12 00:00:00.000,NULL,NULL,NULL
659,7371,,2017-03-09 00:00:00.000,NULL,NULL,NULL
660,7372,WSSC,2011-02-11 00:00:00.000,NULL,NULL,NULL
661,7373,"  BETHESDA HILL APTS",2022-09-29 00:00:00.000,NULL,NULL,NULL
662,7374,PRESCRIPTION,2013-07-13 00:00:00.000,NULL,NULL,NULL
663,7375,PRESCRIPTIONS,2014-12-14 00:00:00.000,NULL,NULL,NULL
664,7376,PEPCO,2010-08-10 00:00:00.000,NULL,NULL,NULL
665,7376,PEPCO,2012-04-12 00:00:00.000,NULL,NULL,NULL
666,7376,PEPCO,2016-04-11 00:00:00.000,NULL,NULL,NULL
667,7377,,2015-01-15 00:00:00.000,NULL,NULL,NULL
668,7378,PEPCO,2011-02-11 00:00:00.000,NULL,NULL,NULL
669,7379,PEPCO,2016-05-10 00:00:00.000,NULL,NULL,NULL
670,7380,PEPCO   FEB 2010,2010-02-10 00:00:00.000,NULL,NULL,NULL
671,7381,WSSC,2012-04-12 00:00:00.000,NULL,NULL,NULL
672,7382,PEPCO,2010-07-10 00:00:00.000,NULL,NULL,NULL
673,7382,PEPCO,2011-07-11 00:00:00.000,NULL,NULL,NULL
674,7382,,2017-09-16 00:00:00.000,NULL,NULL,NULL
675,7383,"HOC - ",2013-09-13 00:00:00.000,NULL,NULL,NULL
676,7384,PRESCRIPTIONS,2018-01-19 00:00:00.000,NULL,NULL,NULL
677,7385,"HOC - ",2012-09-12 00:00:00.000,NULL,NULL,NULL
678,7386,WASH GAS,2010-07-10 00:00:00.000,NULL,NULL,NULL
679,7387,PRESCRIPTION,2009-09-09 00:00:00.000,NULL,NULL,NULL
680,7388," CROSSWAYS COMMUNITY",2009-11-09 00:00:00.000,NULL,NULL,NULL
681,7389,PRESCRIPTION,2012-08-12 00:00:00.000,NULL,NULL,NULL
682,7390,WASH GAS,2014-04-01 00:00:00.000,NULL,NULL,NULL
683,3984," voided MONTGOMERY APTS",2022-12-15 00:00:00.000,NULL,NULL,NULL
684,7391,PEPCO,2015-09-15 00:00:00.000,NULL,NULL,NULL
685,7392,PRESCRIPTION,2018-11-26 00:00:00.000,NULL,NULL,NULL
686,7392,PRESCRIPTION,2018-12-17 00:00:00.000,NULL,NULL,NULL
687,4017,PRESCRIPTION,2016-11-21 00:00:00.000,NULL,NULL,NULL
688,4017,PRESCRIPTION,2017-04-13 00:00:00.000,NULL,NULL,NULL
689,4017,PRESCRIPTION,2018-02-16 00:00:00.000,NULL,NULL,NULL
690,4017,PRESCRIPTION,2018-03-15 00:00:00.000,NULL,NULL,NULL
691,7393,PRESCRIPTIONS,2011-04-11 00:00:00.000,NULL,NULL,NULL
692,7394,PEPCO,2010-05-10 00:00:00.000,NULL,NULL,NULL
693,7394,PEPCO,2011-10-11 00:00:00.000,NULL,NULL,NULL
694,7395,,2018-07-20 00:00:00.000,NULL,NULL,NULL
695,7396," - HOC",2018-09-26 00:00:00.000,NULL,NULL,NULL
696,7397," (SHANTA WEEZAMAN LANDLORD)",2017-09-18 00:00:00.000,NULL,NULL,NULL
697,7398,,2015-06-15 00:00:00.000,NULL,NULL,NULL
698,7399,,2017-01-06 00:00:00.000,NULL,NULL,NULL
699,7400,,2021-07-03 00:00:00.000,NULL,NULL,NULL
700,7401,HOC RESIDENT ACCT,2013-04-13 00:00:00.000,NULL,NULL,NULL
701,7402,PEPCO,2017-10-04 00:00:00.000,NULL,NULL,NULL
702,7403,PEPCO  SEPT 2009,2009-09-09 00:00:00.000,NULL,NULL,NULL
703,7403,"  APRIL 2011",2011-04-11 00:00:00.000,NULL,NULL,NULL
704,7403," - HOC",2017-07-19 00:00:00.000,NULL,NULL,NULL
705,7404," ",2015-01-15 00:00:00.000,NULL,NULL,NULL
706,7405," - PETRA TUROWSKI LANDLADY",2016-08-24 00:00:00.000,NULL,NULL,NULL
707,7406,,2017-02-13 00:00:00.000,NULL,NULL,NULL
708,7406,,2018-07-20 00:00:00.000,NULL,NULL,NULL
709,7407,,2014-02-01 00:00:00.000,NULL,NULL,NULL
710,7408,PEPCO,2016-02-01 00:00:00.000,NULL,NULL,NULL
711,7409,PEPCO,2011-03-11 00:00:00.000,NULL,NULL,NULL
712,7409,PEPCO,2012-04-11 00:00:00.000,NULL,NULL,NULL
713,7409,PEPCO,2013-04-13 00:00:00.000,NULL,NULL,NULL
714,7410," (Voided - THE BENNINGTON)",2017-09-22 00:00:00.000,NULL,NULL,NULL
715,7411,WASHINGTON GAS,2010-08-10 00:00:00.000,NULL,NULL,NULL
716,7411,WASHINGTON GAS,2014-06-14 00:00:00.000,NULL,NULL,NULL
717,7411,PEPCO,2017-10-25 00:00:00.000,NULL,NULL,NULL
718,7412,WSSC,2014-02-14 00:00:00.000,NULL,NULL,NULL
719,7412,PEPCO,2016-10-12 00:00:00.000,NULL,NULL,NULL
720,7413,,2014-01-01 00:00:00.000,NULL,NULL,NULL
721,1586,PRESCRIPTION,2020-10-21 00:00:00.000,NULL,NULL,NULL
722,1586,PRESCRIPTION,2021-02-25 00:00:00.000,NULL,NULL,NULL
723,1586,PRESCRIPTION,2021-05-12 00:00:00.000,NULL,NULL,NULL
724,1586,PRESCRIPTION,2021-06-17 00:00:00.000,NULL,NULL,NULL
725,1586,PRESCRIPTION,2021-07-29 00:00:00.000,NULL,NULL,NULL
726,1586,PRESCRIPTION,2021-11-25 00:00:00.000,NULL,NULL,NULL
797,7453,WSSC,2023-06-20 00:00:00.000,NULL,NULL,NULL
727,1586,PRESCRIPTION,2022-02-18 00:00:00.000,NULL,NULL,NULL
728,1586,PRESCRIPTION  FEB 2022,2022-07-13 00:00:00.000,NULL,NULL,NULL
729,1586,PRESCRIPTION,2023-04-13 00:00:00.000,NULL,NULL,NULL
730,7414,PEPCO,2012-11-12 00:00:00.000,NULL,NULL,NULL
731,7415,PRESCRIPTIONS,2018-01-19 00:00:00.000,NULL,NULL,NULL
732,7416,PRESCRIPTIONS,2016-04-13 00:00:00.000,NULL,NULL,NULL
733,7417,PEPCO,2011-12-11 00:00:00.000,NULL,NULL,NULL
734,7418,PEPCO,2012-07-12 00:00:00.000,NULL,NULL,NULL
735,7418,PEPCO,2013-03-13 00:00:00.000,NULL,NULL,NULL
736,7418,PEPCO,2013-07-13 00:00:00.000,NULL,NULL,NULL
737,7419,THE ELM,2023-03-17 00:00:00.000,NULL,NULL,NULL
738,7420,PAID JAN 2010 - CROSSWAYS,2010-01-10 00:00:00.000,NULL,NULL,NULL
739,7421," DEC 2009 - CROSSWAYS",2009-12-09 00:00:00.000,NULL,NULL,NULL
740,7422,PRESCRIPTION,2019-02-15 00:00:00.000,NULL,NULL,NULL
741,7422,PRESCRIPTION,2019-07-15 00:00:00.000,NULL,NULL,NULL
742,7422,PRESCRIPTION,2020-08-18 00:00:00.000,NULL,NULL,NULL
743,7422,PRESCRIPTION,2021-07-29 00:00:00.000,NULL,NULL,NULL
744,7422,PRESCRIPTION,2021-08-12 00:00:00.000,NULL,NULL,NULL
745,7422,PRESCRIPTION,2022-02-18 00:00:00.000,NULL,NULL,NULL
746,7422,PRESCRIPTION,2022-04-16 00:00:00.000,NULL,NULL,NULL
747,7422,PRESCRIPTION,2022-05-13 00:00:00.000,NULL,NULL,NULL
748,7422,PRESCRIPTION,2022-06-21 00:00:00.000,NULL,NULL,NULL
749,7422,PRESCRIPTION  FEB 2022,2022-07-13 00:00:00.000,NULL,NULL,NULL
750,7422,"PRESCRIPTION ",2022-08-18 00:00:00.000,NULL,NULL,NULL
751,7422,"PRESCRIPTION ",2022-09-16 00:00:00.000,NULL,NULL,NULL
752,7422,"PRESCRIPTION ",2023-02-17 00:00:00.000,NULL,NULL,NULL
753,7422,"PRESCRIPTION ",2023-03-25 00:00:00.000,NULL,NULL,NULL
754,7422,"PRESCRIPTION ",2023-04-13 00:00:00.000,NULL,NULL,NULL
755,7423,PEPCO,2014-04-14 00:00:00.000,NULL,NULL,NULL
756,7424,,2017-02-16 00:00:00.000,NULL,NULL,NULL
757,7425,PRESCRIPTIONS,2012-08-12 00:00:00.000,NULL,NULL,NULL
758,7426,,2013-07-13 00:00:00.000,NULL,NULL,NULL
759,7427,,2017-11-15 00:00:00.000,NULL,NULL,NULL
760,7428,,2014-01-01 00:00:00.000,NULL,NULL,NULL
761,7429,PEPCO,2019-11-09 00:00:00.000,NULL,NULL,NULL
762,1663,,2021-11-10 00:00:00.000,NULL,NULL,NULL
763,1663," - HARWOOD FLATS",2022-12-22 00:00:00.000,NULL,NULL,NULL
764,7430,MEDICAL - DENTAL,2022-02-23 00:00:00.000,NULL,NULL,NULL
765,7431,PRESCRIPTIONS,2011-10-01 00:00:00.000,NULL,NULL,NULL
766,7432,,2013-05-13 00:00:00.000,NULL,NULL,NULL
767,7433," MAY 2009",2009-05-29 00:00:00.000,NULL,NULL,NULL
768,7434," - JBG CO.",2012-12-12 00:00:00.000,NULL,NULL,NULL
769,7435,"PEPCO  ",2009-09-09 00:00:00.000,NULL,NULL,NULL
770,7436,PEPCO,2011-11-11 00:00:00.000,NULL,NULL,NULL
771,7437,PEPCO,2011-02-11 00:00:00.000,NULL,NULL,NULL
772,7437,PEPCO,2019-04-11 00:00:00.000,NULL,NULL,NULL
773,7438,PEPCO,2012-07-12 00:00:00.000,NULL,NULL,NULL
774,7438,,2019-03-16 00:00:00.000,NULL,NULL,NULL
775,1711,PRESCRIPTIONS,2019-07-15 00:00:00.000,NULL,NULL,NULL
776,1711,PRESCRIPTIONS,2019-08-06 00:00:00.000,NULL,NULL,NULL
777,1711,PRESCRIPTIONS,2019-08-19 00:00:00.000,NULL,NULL,NULL
778,1711,PRESCRIPTIONS,2019-09-12 00:00:00.000,NULL,NULL,NULL
779,1711,PRESCRIPTIONS,2019-10-18 00:00:00.000,NULL,NULL,NULL
780,1711,PRESCRIPTIONS,2021-01-04 00:00:00.000,NULL,NULL,NULL
781,7439,PRESCRIPTIONS,2014-09-14 00:00:00.000,NULL,NULL,NULL
782,7440,PRESCRIPTIONS,2010-07-10 00:00:00.000,NULL,NULL,NULL
783,7441," ",2009-08-09 00:00:00.000,NULL,NULL,NULL
784,7442,PEPCO,2014-09-14 00:00:00.000,NULL,NULL,NULL
785,7443,,2018-02-13 00:00:00.000,NULL,NULL,NULL
786,7444,PRESCRIPTIONS,2014-10-14 00:00:00.000,NULL,NULL,NULL
787,7445,,2017-08-04 00:00:00.000,NULL,NULL,NULL
788,7445,PEPCO,2019-02-08 00:00:00.000,NULL,NULL,NULL
789,7445,,2022-03-08 00:00:00.000,NULL,NULL,NULL
790,2726," - ALDON MGMT",2022-04-15 00:00:00.000,NULL,NULL,NULL
791,7446,MEDICAL - IMMUNIZATIONS,2021-10-21 00:00:00.000,NULL,NULL,NULL
792,7447," - CROSSWAYS",2011-04-11 00:00:00.000,NULL,NULL,NULL
793,7447," - CROSSWAYS",2011-12-11 00:00:00.000,NULL,NULL,NULL
798,7293,Hotel - Marriott,2022-01-19 00:00:00.000,NULL,NULL,NULL
794,7455,PEPCO,2023-06-22 00:00:00.000,Category 1,NULL,NULL
795,7455,WSSC,2023-06-22 00:00:00.000,Category 1,NULL,NULL
796,1429,Rent - Hughes Neighborhood,2021-12-17 00:00:00.000,NULL,NULL,NULL
799,1422,Medical - Glasses,2021-12-17 00:00:00.000,NULL,NULL,NULL
800,1587,Frank Emmet Real Estate,2023-06-29 00:00:00.000,NULL,NULL,NULL
801,7471,PEPCO,2023-06-30 00:00:00.000,NULL,NULL,NULL
802,7471,Wash Gas,2023-07-11 00:00:00.000,NULL,NULL,NULL
803,1694,WSSC,2023-07-18 00:00:00.000,NULL,NULL,NULL
811,7477,PEPCO,2023-07-20 00:00:00.000,NULL,NULL,NULL
818,7484,Equity Residential (The Edge),2023-07-29 00:00:00.000,NULL,NULL,NULL
814,7470,Triangle Towers,2023-07-22 00:00:00.000,NULL,NULL,NULL
821,7492,PEPCO,2023-08-30 00:00:00.000,NULL,NULL,NULL
824,4030,Credit,2023-09-11 00:00:00.000,NULL,NULL,NULL
825,4030,51.63,2023-09-11 00:00:00.000,NULL,NULL,NULL
804,4030,Prescriptions,2023-07-18 00:00:00.000,NULL,NULL,NULL
809,2714,Credit for prior year,2023-07-15 00:00:00.000,NULL,NULL,NULL
810,7469,PEPCO,2023-07-19 00:00:00.000,NULL,NULL,NULL
816,3945,Magruder's Discovery,2023-07-24 00:00:00.000,NULL,NULL,NULL
819,7063,PEPCO,2023-08-17 00:00:00.000,"New address 4522 Avondale St #7, Bethesda 20814",NULL,NULL
822,7496,Strathmore Court,2023-09-07 00:00:00.000,NULL,NULL,NULL
823,1305,WSSC,2023-09-12 00:00:00.000,NULL,NULL,NULL
826,4030,Correction,2023-09-11 00:00:00.000,NULL,NULL,NULL
827,4030,Correction,2023-09-12 00:00:00.000,NULL,NULL,NULL
828,4030,NULL,2023-09-12 00:00:00.000,NULL,NULL,NULL
829,4030,NULL,2023-09-12 00:00:00.000,NULL,NULL,NULL
832,7445,PEPCO,2023-09-18 00:00:00.000,NULL,NULL,NULL
833,7517,The Lindley,2023-09-27 00:00:00.000,The Lindley,NULL,NULL
834,3839,NULL,2023-09-28 00:00:00.000,NULL,NULL,NULL
835,3839,NULL,2023-09-28 00:00:00.000,PEPCO,NULL,NULL
812,7478,Rent - Pooks Hill Towers,2023-07-21 00:00:00.000,NULL,NULL,NULL
820,4054,PEPCO,2023-08-23 00:00:00.000,NULL,NULL,NULL
817,7482,Washington Gas,2023-07-26 00:00:00.000,NULL,NULL,NULL
830,7502,Prescriptions (used credit),2023-09-12 00:00:00.000,NULL,NULL,NULL
831,7503,NORTH BETHESDA MARKET II,2023-09-13 00:00:00.000,NULL,NULL,NULL
